[{
    "treatment_name_en": "Gastric Balloon Surgery",
    "treatment_first_photo": "assets/images/treatments/bariatric-surgery/gastric-balon-1.jpg",
    "treatment_photo": "assets/images/treatments/bariatric-surgery/gastric-balon-2.jpg",
    "treatment_description":"One of the most common nonsurgical weight-loss procedures is the gastric balloon. The balloon is endoscopically inserted ...",
    "treatment_details": "<h3>Gastric Balloon Surgery</h3><p>One of the most common nonsurgical weight-loss procedures is the gastric balloon. The balloon is endoscopically inserted into the stomach. It takes roughly 20 to 25 minutes to complete the treatment. A diagnostic endoscopy is conducted first to make sure you don't have any medical conditions that would prevent the balloon from being placed (such as an ulcer). A soft, deflated balloon made of silicone elastomer-based material is put into the stomach if no abnormalities are found. The treatment is completed once the balloon is put in your stomach and filled with a blue liquid via a filling tube (catheter) linked to the balloon. Within the stomach, the balloon begins to float freely.Based on the amount of weight reduction desired and the type of balloon used, intragastric balloons are categorized into two categories: those intended to stay in the stomach for six months and those intended to stay in the stomach for twelve months. The risk of balloon rupture increases if the balloon remains in the stomach for longer than planned. It is recommended that the balloon be removed as soon as possible.Gastric Balloon Surgery is appropriate for individuals between the ages of 18 and 55 who have a BMI of more than 27 and are unable to lose weight despite dieting.<br><br>As Clinic Phaselis, we perform Gastric Balloon Surgery at internationally accredited hospitals.We are waiting for you in Antalya Turkey with our board-certified doctor staff and medical team speaking your mother tongue.</p>"


},{
    "treatment_name_en": "Gastric Bypass Surgery",
    "treatment_first_photo": "assets/images/treatments/bariatric-surgery/gastric-bypass-1.jpg",
    "treatment_photo": "assets/images/treatments/bariatric-surgery/gastric-bypass-2.jpg",
    "treatment_description":"Gastric bypass surgery (Roux-en-y gastric bypass surgery) is a procedure that decreases food consumption while also decreasing ...",
    "treatment_details": "<h3>Gastric Bypass Surgery</h3><p>Gastric bypass surgery (Roux-en-y gastric bypass surgery) is a procedure that decreases food consumption while also decreasing food absorption. The most prevalent type of combination surgery is still this one.<br><br>The stomach is divided into a small upper pouch and a much larger lower remnant pouch, and the small intestine is altered to connect to both. This is known as Gastric Bypass Surgery. And Unlike sleeve gastrectomy, the remnant of the stomach will not be removed.<br><br>The procedure for gastric bypass surgery is done in a closed technique. The operation takes around two (2) hours, and the patient is able to stand up and take care of himself by the fourth hour. After the operation, the patient is detained in the hospital for three (3) days for observation. Finally, the medication and dietetic support that the patient will require are delivered before they are discharged.<br><br>As Clinic Phaselis, we perform Gastric Bypass Surgery Turkey at internationally accredited hospitals. We are waiting for you in Antalya Turkey with our board-certified doctor staff and medical team speaking your mother tongue.</p>"


},{
    "treatment_name_en": "Gastric Sleeve Surgery",
    "treatment_first_photo": "assets/images/treatments/bariatric-surgery/gastric-sleeve-1.jpg",
    "treatment_photo": "assets/images/treatments/bariatric-surgery/gastric-sleeve-2.jpg",
    "treatment_description":"One of the most popular procedures in obesity surgery is Gastric Sleeve Surgery, often known as stomach reduction surgery ...",
    "treatment_details": "<h3>Gastric Sleeve Surgery</h3><p>One of the most popular procedures in obesity surgery is Gastric Sleeve Surgery, often known as stomach reduction surgery. The amount of nutrients consumed by the patient is lowered, and the ghrelin (appetite) hormone is removed from the body, as a result of this procedure. <br><br>The laparoscopic (closed) approach is used to execute gastric sleeve procedures. The procedure takes around an hour and is carried out with the use of camera instruments through four small incisions in the patient's abdomen. In the fourth hour after the operation, the patient is able to stand and walk independently. After the operation, you must stay in the hospital for three days for observation. Our patients then return to their regular lifestyles.<br><br>Gastric Sleeve Surgery is one of the most effective operations for obesity surgery: after six months, the patient can expect to lose 50% his extra weight, and after a year, he can expect to lose 70% of his excess weight. The patient will eat less than usual if their stomach is smaller, as they will require less food to feel satisfied.<br><br>As Clinic Phaselis, we perform Gastric Sleeve Surgery Turkey at internationally accredited hospitals. We are waiting for you in Antalya Turkey with our board-certified doctor staff and medical team speaking your mother tongue.</p>"


}]