[{
    "before_after_image": "assets/images/before-after/plastic/10.jpg"
},{
    "before_after_image": "assets/images/before-after/plastic/11.jpg"
},{
    "before_after_image": "assets/images/before-after/plastic/12.jpg"
},{
    "before_after_image": "assets/images/before-after/plastic/13.jpg"
},{
    "before_after_image": "assets/images/before-after/plastic/14.jpg"
},{
    "before_after_image": "assets/images/before-after/plastic/15.jpg"
},{
    "before_after_image": "assets/images/before-after/plastic/16.jpg"
},{
    "before_after_image": "assets/images/before-after/plastic/17.jpg"
},{
    "before_after_image": "assets/images/before-after/plastic/1.png"
}, {
    "before_after_image": "assets/images/before-after/plastic/2.png"
}, {
    "before_after_image": "assets/images/before-after/plastic/4.png"
}, {
    "before_after_image": "assets/images/before-after/plastic/5.png"
}, {
    "before_after_image": "assets/images/before-after/plastic/6.png"
}, {
    "before_after_image": "assets/images/before-after/plastic/7.png"
}, {
    "before_after_image": "assets/images/before-after/plastic/8.png"
}, {
    "before_after_image": "assets/images/before-after/plastic/9.png"
}]