[{
    "before_after_image": "assets/images/before-after/dental/1.jpg"
}, {
    "before_after_image": "assets/images/before-after/dental/2.jpg"
}, {
    "before_after_image": "assets/images/before-after/dental/4.jpg"
}, {
    "before_after_image": "assets/images/before-after/dental/5.jpg"
}, {
    "before_after_image": "assets/images/before-after/dental/6.jpg"
}, {
    "before_after_image": "assets/images/before-after/dental/7.jpg"
}, {
    "before_after_image": "assets/images/before-after/dental/8.jpg"
}, {
    "before_after_image": "assets/images/before-after/dental/9.jpg"
}, {
    "before_after_image": "assets/images/before-after/dental/10.jpg"
}, {
    "before_after_image": "assets/images/before-after/dental/11.jpg"
}, {
    "before_after_image": "assets/images/before-after/dental/12.jpg"
}, {
    "before_after_image": "assets/images/before-after/dental/13.jpg"
}, {
    "before_after_image": "assets/images/before-after/dental/14.jpg"
}, {
    "before_after_image": "assets/images/before-after/dental/15.jpg"
}, {
    "before_after_image": "assets/images/before-after/dental/16.jpg"
}, {
    "before_after_image": "assets/images/before-after/dental/17.jpg"
}, {
    "before_after_image": "assets/images/before-after/dental/18.jpg"
}]