[{
    "treatment_name_en": "Hair Transplant",
    "treatment_first_photo": "assets/images/treatments/hair/hair-transplant.jpg",
    "treatment_photo": "assets/images/treatments/hair/hair-transplant.jpg",
    "treatment_description":"Hair transplantation is a surgical technique that removes hair follicles from one part of the body, called the 'donor site'...",
    "treatment_details": "<h3>Hair Transplant</h3><p>Hair transplantation is a surgical technique that removes hair follicles from one part of the body, called the 'donor site', to a bald or balding part of the body known as the 'recipient site'. The technique is primarily used to treat male pattern baldness. In this minimally invasive procedure, grafts containing hair follicles that are genetically resistant to balding (like the back of the head) are transplanted to the bald scalp. Hair transplantation can also be used to restore eyelashes, eyebrows, beard hair, chest hair and pubic hair <br><br>Since hair naturally grows in groupings of 1 to 4 hairs, current techniques harvest and transplant hair follicular units in their natural groupings. Thus modern hair transplantation can achieve a natural appearance by mimicking original hair orientation. This hair transplant procedure is called follicular unit transplantation(FUT). Donor hair can be harvested in two different ways: strip harvesting, and follicular unit extraction (FUE).<br><br>Follicular unit extraction (FUE) is a type of hair transplant done by taking individual hair follicles from your skin and moving them to another part of your body where hair’s thinner or absent.<br><br>DHI is a modified version of FUE hair implantation and follows a similar procedure. Your surgeon will remove hair follicles from a part of your scalp, usually the back of your head, and implant them into balding areas. These hair follicles will eventually grow new hairs.<br><br>In DHI and FUE Hair Transplant, individual hair follicles are removed directly from your scalp. During FUE, a surgeon manually cuts a series of canals in your scalp to insert the hair follicles. The DHI technique allows surgeons to make these incisions and implant hair at the same time.<br><br>As Clinic Phaselis, we perform DHI , FUE and Saphire FUE hair transplants at our modern hair transplant center in accordance with the standards of the world health organization. We are waiting for you in our clinic for your new hair with our expert doctor staff and the password of medical excellence and zero complications that we have determined.</p>"


}]